text,sentiment
helloo everyone,positive
beautiful,positive
perfect,positive
Nice shot,positive
Looks great,positive
Awesome picture,positive
Love this,positive
Great content,positive
Fantastic,positive
Beautiful photo,positive
Well done,positive
Lovely,positive
Amazing,positive
Impressive,positive
Superb,positive
Stunning,positive
Great job,positive
Excellent work,positive
Cool pic,positive
Well captured,positive
Very nice,positive
Wonderful,positive
Awesome shot,positive
Terrific,positive
So good,positive
Incredible,positive
Well executed,positive
Lovely shot,positive
Very cool,positive
Outstanding,positive
Love it,positive
Brilliant,positive
Amazing work,positive
Great shot,positive
Stunning capture,positive
Fantastic job,positive
Gorgeous,positive
Awesome content,positive
Really nice,positive
Excellent,positive
Beautiful shot,positive
Well deserved,positive
So cool,positive
Impressive work,positive
Perfectly captured,positive
Incredible shot,positive
Wonderful work,positive
Well composed,positive
Love the composition,positive
Nicely done,positive
Great capture,positive
Fantastic shot,positive
Love the colors,positive
Excellent capture,positive
Awesome capture,positive
Well shot,positive
Perfect shot,positive
Brilliant work,positive
Love the angle,positive
Superb capture,positive
Stunning shot,positive
So beautiful,positive
Excellent composition,positive
Well framed,positive
Beautiful composition,positive
Amazing capture,positive
Great composition,positive
Beautiful work,positive
Perfectly timed,positive
Wonderful capture,positive
Great perspective,positive
Very impressive,positive
Love the detail,positive
Great photo,positive
Excellent angle,positive
Awesome perspective,positive
Stunning composition,positive
Well presented,positive
Fantastic composition,positive
Beautifully taken,positive
Well edited,positive
Amazing angle,positive
Gorgeous shot,positive
Brilliant capture,positive
Very well done,positive
Incredible composition,positive
Perfect composition,positive
Love the lighting,positive
Well balanced,positive
Excellent perspective,positive
Stunning work,positive
Brilliant angle,positive
Love the texture,positive
Perfect timing,positive
Well focused,positive
Great framing,positive
Wonderful perspective,positive
Awesome composition,positive
Very creative,positive
Love the vibe,positive
Fantastic angle,positive
Well crafted,positive
Brilliantly captured,positive
Amazing perspective,positive
Great details,positive
Beautifully composed,positive
Superb shot,positive
Perfect moment,positive
Love the symmetry,positive
Wonderful job,positive
Well edited shot,positive
Excellent details,positive
Fantastic lighting,positive
Very artistic,positive
Impressive perspective,positive
Great balance,positive
Stunning detail,positive
Perfect edit,positive
Love the contrast,positive
Incredible work,positive
Brilliantly done,positive
Excellent framing,positive
Beautifully presented,positive
Fantastic edit,positive
Very well composed,positive
Wonderful angle,positive
Love the focus,positive
Great editing,positive
Amazing details,positive
Perfectly edited,positive
Well captured moment,positive
Brilliantly edited,positive
Love the depth,positive
Fantastic timing,positive
Excellent editing,positive
Beautifully framed,positive
Well timed shot,positive
Gorgeous composition,positive
Superb edit,positive
Impressive framing,positive
Amazing composition,positive
Perfectly framed,positive
Brilliantly framed,positive
Love the perspective,positive
Fantastic perspective,positive
Excellent shot,positive
Beautifully captured,positive
Wonderful details,positive
Great job on this,positive
Stunning details,positive
Perfectly timed shot,positive
Well done editing,positive
Brilliant job,positive
Love the reflection,positive
Fantastic work,positive
Beautifully edited,positive
Superb details,positive
"Great shot, well done",positive
Wonderful edit,positive
Perfectly timed capture,positive
Well executed shot,positive
Love the subject,positive
Fantastic moment,positive
Brilliant composition,positive
Beautiful colors,positive
Great edit,positive
Stunning edit,positive
Superb composition,positive
Impressive details,positive
Love the perspective here,positive
Fantastic details,positive
Wonderful lighting,positive
Perfectly captured moment,positive
Well composed shot,positive
Brilliantly composed,positive
Beautifully edited shot,positive
Great work on this one,positive
Stunning perspective,positive
"Excellent shot, well captured",positive
Superbly captured,positive
Impressive angle,positive
Love the atmosphere,positive
Fantastic framing,positive
Beautiful edit,positive
Well balanced composition,positive
Wonderful colors,positive
Perfectly timed moment,positive
Well framed shot,positive
Brilliantly captured moment,positive
Love the mood,positive
Fantastic colors,positive
"Excellent perspective, well done",positive
Superb editing,positive
Impressive composition,positive
Great focus,positive
Stunning colors,positive
Beautifully presented shot,positive
Perfectly composed details,positive
Brilliantly edited composition,positive
Love the feeling,positive
"Fantastic edit, great job",positive
Excellent job on this one,positive
Superb timing!,positive
"Impressive framing, well done!",positive
"Great shot, love it!",positive
"Wonderful perspective, nicely done!",positive
Perfectly edited photo!,positive
Well balanced shot!,positive
Brilliantly captured shot!,positive
Love the atmosphere here!,positive
Fantastic moment captured!,positive
"Excellent details, beautifully done!",positive
Superbly edited!,positive
Impressive colors!,positive
"Great composition, well executed!",positive
"Stunning shot, well captured!",positive
Beautifully composed edit!,positive
"Perfectly timed shot, amazing!",positive
Well framed moment!,positive
Brilliantly edited photo!,positive
Love the composition here!,positive
"Fantastic lighting, great shot!",positive
"Excellent work, beautifully captured!",positive
"Superb details, well done!",positive
"Impressive perspective, fantastic!",positive
"Great edit, love it!",positive
"Wonderful shot, superb!",positive
Perfectly captured details!,positive
Well composed moment!,positive
"Brilliant job on this one, love it!",positive
Love the colors in this shot!,positive
"Fantastic angle, nicely captured!",positive
"Excellent edit, well executed!",positive
"Superb composition, great job!",positive
"Impressive shot, well framed!",positive
"Great details, nicely done!",positive
"Stunning perspective, beautifully shot!",positive
"Beautiful edit, fantastic work!",positive
"Perfectly timed photo, amazing!",positive
"Well balanced composition, great shot!",positive
Brilliantly captured scene!,positive
Love the contrast here!,positive
"Fantastic moment, beautifully captured!",positive
"Excellent framing, superb!",positive
"Superb edit, well done!",positive
"Impressive colors, nicely captured!",positive
"Great shot, perfect timing!",positive
"Wonderful composition, beautifully done!",positive
Perfectly edited moment!,positive
Well captured atmosphere!,positive
Brilliantly composed shot!,positive
Love the perspective and colors!,positive
"Fantastic lighting, excellent shot!",positive
"Excellent job on this one, love it!",positive
"Superb details, well captured!",positive
"Impressive edit, nicely executed!",positive
"Great composition, fantastic work!",positive
"Stunning shot, perfectly framed!",positive
"Beautifully edited photo, great job!",positive
"Perfectly timed capture, amazing!",positive
"Well framed scene, nicely captured!",positive
Brilliantly edited moment!,positive
Love the composition and colors!,positive
"Fantastic angle, beautifully captured!",positive
"Excellent work, superb!",positive
"Superbly edited shot, love it!",positive
"Impressive perspective, great job!",positive
"Great edit, wonderfully captured!",positive
"Wonderful shot, perfectly done!",positive
"Perfectly composed moment, fantastic!",positive
"Brilliant job on this one, superb!",positive
Love the details in this shot!,positive
"Fantastic lighting, beautifully captured!",positive
"Excellent framing, fantastic!",positive
"Superb edit, nicely done!",positive
"Impressive colors, superb shot!",positive
"Great shot, wonderful composition!",positive
"Stunning shot, beautifully done!",positive
"Beautifully edited moment, superb!",positive
"Well balanced composition, fantastic!",positive
"Brilliantly captured scene, superbly done!",positive
Love the contrast in this shot!,positive
"Fantastic moment, perfectly captured!",positive
"Excellent framing, fantastic job!",positive
"Superb edit, love the vibe!",positive
"Impressive colors, nicely composed!",positive
"Great shot, excellent work!",positive
"Wonderful composition, superbly captured!",positive
"Perfectly edited photo, fantastic!",positive
"Well captured atmosphere, superb!",positive
"Brilliantly composed shot, love it!",positive
Love the perspective and colors here!,positive
"Fantastic lighting, great job!",positive
"Excellent job on this one, beautifully done!",positive
"Superb details, nicely framed!",positive
"Impressive edit, perfectly executed!",positive
"Great composition, fantastic shot!",positive
"Stunning shot, beautifully composed!",positive
"Beautifully edited moment, amazing!",positive
"Perfectly timed capture, superb!",positive
"Brilliantly edited moment, fantastic work!",positive
Love the composition and colors in this shot!,positive
"Fantastic angle, excellent shot!",positive
Perfectly woven content,positive
"Wow, this is stunning!",positive
Absolutely breathtaking!,positive
Captivating shot!,positive
Mesmerizing capture!,positive
This is pure artistry!,positive
Such a captivating moment!,positive
"Speechless, this is incredible!",positive
This photo is beyond words!,positive
Enchanting scene!,positive
Masterfully captured!,positive
Pure perfection!,positive
So much beauty in one frame!,positive
This photo tells a story.,positive
Truly remarkable,positive
Awe-inspiring shot,positive
I'm in awe of this photo,positive
You have a gift for photography,positive
Absolutely mesmerizing,positive
The beauty in this is surreal,positive
This deserves endless applause,positive
Every detail is perfection,positive
This is picture-perfect,positive
You've truly outdone yourself,positive
Exquisite shot,positive
This takes my breath away,positive
Utterly beautiful,positive
Such an elegant composition,positive
This photo is a masterpiece,positive
I'm lost in the beauty of this.,positive
So much depth and emotion,positive
You've captured the essence perfectly,positive
A work of art,positive
This is poetry in visual form.,positive
Absolutely spellbinding,positive
I can't stop staring at this.,positive
The beauty here is overwhelming,positive
What a breathtaking view,positive
Such a magnificent sight,positive
This is absolutely captivating,positive
This photo speaks volumes,positive
Pure magic,positive
You've truly captured the moment,positive
I'm awestruck by this photo,positive
This is what dreams are made of,positive
This photo is simply divine,positive
Incredibly beautiful,positive
You've got an eye for beauty,positive
This photo is a real gem,positive
Such elegance in this shot,positive
Truly exceptional!,positive
aww,positive
looks godamnnn good,positive
sooo pretty like the moon,positive
This photo is like a dream brought to life!,positive
Absolutely bewitching!,positive
A masterpiece in every pixel!,positive
This belongs in a gallery!,positive
"Beyond breathtaking, it's soul-stirring!",positive
Simply mesmerizing!,positive
This photo speaks to my heart!,positive
The epitome of elegance and grace!,positive
A symphony of colors and emotions!,positive
This captures the essence of beauty itself!,positive
A visual feast for the senses!,positive
Pure poetry in pixels!,positive
Astonishingly beautiful!,positive
"A moment frozen in time, yet alive with wonder!",positive
This is where perfection meets photography!,positive
An enchanting glimpse into another world!,positive
I'm enchanted by the sheer magic of this photo!,positive
Exquisite beyond words!,positive
Radiant with ethereal charm!,positive
A breathtaking journey through light and shadow!,positive
"Beyond compare, simply extraordinary!",positive
A work of art that steals the breath!,positive
This photo is like a love letter to the eyes!,positive
Transcendent and captivating!,positive
My heart skips a beat with every glance!,positive
"This photo is like a rare gem, shining brightly!",positive
Time seems to stand still in the presence of such beauty!,positive
I'm lost in the infinite depth of this image!,positive
"Stunning in its simplicity, yet rich in emotion!",positive
Every glance reveals a new layer of beauty!,positive
A testament to the photographer's unparalleled skill!,positive
Resplendent with grace and elegance!,positive
This photo whispers secrets of the universe!,positive
An exquisite dance of light and shadow!,positive
This photo is a treasure trove of wonder!,positive
Enraptured by the sheer brilliance of this composition!,positive
A breathtaking tapestry woven with light!,positive
This photo is a symphony for the eyes!,positive
"Captivatingly beautiful, like a melody for the soul!",positive
This photo is like stepping into a fairy tale!,positive
A visual masterpiece that leaves me in awe!,positive
Transcending beauty captured in a frame!,positive
This photo speaks volumes without saying a word!,positive
An exquisite blend of light and shadow!,positive
My eyes are glued to this stunning composition!,positive
Capturing the essence of wonder and enchantment!,positive
A breathtaking moment frozen in time!,positive
The definition of elegance and sophistication!,positive
This photo is a window into a world of magic!,positive
A symphony of colors dancing harmoniously!,positive
A masterpiece that ignites the imagination!,positive
Exuding pure radiance and grace!,positive
A breathtaking journey through the lens!,positive
"Mesmerizingly beautiful, like a dream!",positive
Every detail is a stroke of genius!,positive
Incredible depth and emotion captured here!,positive
This photo evokes a sense of serenity and wonder!,positive
A true testament to the beauty of nature!,positive
"Captivatingly beautiful, it's impossible to look away!",positive
An artistic vision brought to life!,positive
This photo is a treasure trove of emotions!,positive
An impeccable blend of art and reality!,positive
An awe-inspiring display of creativity and skill!,positive
This photo has a soul that speaks to mine!,positive
"A symphony of light, shadow, and color!",positive
This photo is a masterpiece in motion,positive
Absolutely captivating from every angle,positive
Radiating warmth and tranquility,positive
This photo is like a breath of fresh air for the soul,positive
A stunning visual symphony that resonates deeply,positive
Truly a work of artistry and brilliance,positive
"Elegantly captured, every frame tells a story",positive
This photo is a timeless expression of beauty,positive
An enchanting moment frozen in time,positive
"Breathtakingly beautiful, it's like a dream come true",positive
This photo is a masterpiece of emotion and depth,positive
"Unveiling the beauty of the world, one frame at a time",positive
"A mesmerizing fusion of light, color, and emotion",positive
A captivating glimpse into the photographer's soul,positive
This photo is a masterpiece of light and shadow,positive
"Exquisitely composed, it's a feast for the eyes!",positive
A stunning testament to the power of photography!,positive
This photo is a celebration of life and beauty!,positive
"Absolutely mesmerizing, it's like poetry in motion!",positive
A whisper of beauty from the universe.,positive
Spellbinding and captivating.,positive
An ethereal masterpiece.,positive
A symphony of delicate emotions.,positive
Frozen yet bursting with life.,positive
Exquisitely crafted perfection.,positive
A dance of light and shadow.,positive
Mesmerizing and hidden.,positive
A stunning fusion of reality and imagination.,positive
A doorway to another dimension.,positive
An exquisite tapestry of wonder.,positive
Enchanting and lingering.,positive
"Quietly elegant, speaking volumes.",positive
A breathtaking vista of adventures.,positive
"Imperfectly perfect, capturing raw emotions.",positive
"Captivatingly unique, like a rare gem.",positive
Nostalgic and anticipatory.,positive
A treasure trove of hidden meanings.,positive
"Delightfully unexpected, revealing depth.",positive
A captivating journey of imagination.,positive
Reflective of the soul's shimmering stories.,positive
A stunning testament to perspective.,positive
"Transcendentally beautiful, infinite possibilities.",positive
An enchanting blend of light and shadow.,positive
A celebration shining amidst life's shadows.,positive
"Serene, stretching endlessly.",positive
A breathtaking panorama of boundless beauty.,positive
A journey through time and space.,positive
A mesmerizing kaleidoscope of colors.,positive
"Enthrallingly beautiful, stirring the soul.",positive
A glimpse of serenity amidst chaos.,positive
Whispers of nature's secrets captured.,positive
Mesmerizing poetry in visual form.,positive
Radiant with untold stories and mysteries.,positive
my superstar,positive
What a stunning shot,positive
Absolutely breathtaking,positive
This picture is pure magic,positive
"Wow, just wow",positive
Captivating,positive
My eyes are grateful for this beauty,positive
Incredible scenery,positive
I'm lost in the moment,positive
Speechless... ,positive
Picture-perfect,positive
Mesmerizing view,positive
Such a beautiful capture,positive
A masterpiece,positive
Stunning beyond words,positive
Nature's beauty at its finest,positive
This deserves endless likes,positive
Enchanting,positive
Pure poetry in pixels,positive
I'm in awe,positive
What a sight to behold,positive
Picture perfect moment,positive
Simply breathtaking,positive
A true work of art,positive
My heart skipped a beat,positive
Soaking in the beauty,positive
Spellbinding,positive
Nature's symphony! ,positive
My eyes thank you for this,positive
Absolutely captivating! ,positive
I could stare at this forever,positive
This is everything,positive
Speechlessly beautiful! ,positive
What a magnificent shot,positive
You've captured magic! ,positive
Every detail is perfection! ,positive
A visual treat! ,positive
This belongs in a gallery,positive
Brimming with beauty,positive
I'm in love with this picture! ,positive
Stunning scenery! ,positive
A breathtaking masterpiece! ,positive
I'm lost for words! ,positive
Radiant and remarkable! ,positive
This is art in its purest form ,positive
A feast for the eyes ,positive
Exquisite beyond measure ,positive
Nature's canvas ,positive
Perfection captured ,positive
What a magnificent sight ,positive
You've outdone yourself ,positive
Breath-stealing beauty! ,positive
Stunning simplicity! ,positive
A moment frozen in time! ,positive
My heart sings looking at this,positive
Absolutely delightful! ,positive
Pure bliss in pixels!,positive
This is soul-stirring,positive
Simply divine,positive
A work of art!,positive
This is visual poetry! ,positive
A glimpse of paradise! ,positive
Radiating beauty! ,positive
You've captured the essence of beauty! ,positive
An absolute gem! ,positive
A true masterpiece! ,positive
Absolutely enchanting! ,positive
Perfection in every pixel! ,positive
What a vision! ,positive
This fills my heart with joy! ,positive
Truly breathtaking! ,positive
A dream captured! ,positive
Utterly mesmerizing! ,positive
This is what magic looks like! ,positive
Picture-perfect moment! ,positive
Beauty beyond compare! ,positive
A symphony of colors! ,positive
A breathtaking panorama! ,positive
An artist at work ,positive
Enrapturing ,positive
Every detail is a masterpiece ,positive
A vision of serenity ,positive
This warms my soul ,positive
Absolutely bewitching ,positive
Nature's masterpiece ,positive
Simply exquisite ,positive
My heart skips a beat ,positive
Pure magic captured ,positive
A glimpse of heaven ,positive
Absolutely splendid ,positive
My eyes thank you ,positive
A true visual feast ,positive
Breathtakingly beautiful ,positive
Exquisite in every way ,positive
Absolutely stunning ,positive
This picture speaks volumes ,positive
Bravo ,positive
What a sight for sore eyes ,positive
A moment of pure bliss ,positive
You've got an eye for beauty ,positive
This picture is worth a thousand words ,positive
Pure joy in pixels ,positive
A true masterpiece ,positive
You've captured the magic ,positive
Simply mesmerizing ,positive
This is art in motion ,positive
A visual delight ,positive
My heart swells with happiness! ,positive
A vision of loveliness! ,positive
This brightens my day! ,positive
You've painted a masterpiece! ,positive
Absolutely divine! ,positive
My soul feels nourished! ,positive
This is what happiness looks like! ,positive
A true gem! ,positive
I'm enchanted! ,positive
Beauty captured in a frame,positive
you are an amazing aesthetic creature,positive
Hey there!,positive
"Hi, everyone!",positive
"Hello, lovely people!",positive
"Greetings, friends! ",positive
"Good day, Insta fam!",positive
"Howdy, folk",positive
"Salutations, wonderful souls",positive
"Yo, social media crew",positive
"Hey, hey, hey",positive
"Hello, world",positive
"Welcome, everyone",positive
"Hi there, beautiful souls",positive
"What's up, Insta fam?",positive
"Hey, awesome people",positive
"Good morning, friends",positive
Happy,positive
"Hola, amigos",positive
"Aloha, everyone",positive
"Namaste, lovely souls",positive
"Hey, social media tribe",positive
"Greetings, internet friends",positive
"Hiya, folks",positive
How's everyone doing today?,positive
"Bonjour, mes amis",positive
"Ciao, bella gente",positive
"Shalom, friends",positive
"Hey, amazing individuals",positive
Welcome to the party,positive
"Hi, Insta buddies",positive
"G'day, mates",positive
"Wassup, squad? ",positive
Good vibes only,positive
"Hey, beautiful beings",positive
"Hello, incredible people",positive
Happy [Day of the Week] vibes,positive
"Hola, amigos y amigas",positive
Cheers to a fantastic day,positive
"Hi, wonderful souls",positive
What a great day to connect,positive
"Hey, sunshine",positive
"Rise and shine, everyone",positive
"Hello, lovely humans",positive
Sending smiles your way,positive
"Good evening, friends",positive
Time for some social media fun,positive
"Hello, sunshine",positive
Happy scrolling,positive
"Hi, amazing friends",positive
"Hey, fabulous people",positive
Let's spread positivity,positive
"Hello, wonderful beings",positive
How's your day going so far?,positive
Good vibes and good times,positive
"Hey, fantastic souls",positive
Wishing you a day filled with joy,positive
"Hello, dear ones",positive
"Happy scrolling, friends",positive
"Hi, fellow social media enthusiasts",positive
"Hey, beautiful souls",positive
Hope your day is as amazing as you are,positive
"Greetings, dear friends",positive
Let's make today awesome,positive
"Hi there, fabulous friends",positive
Sending positive vibes your way,positive
"Hello, incredible beings",positive
Time to brighten up your feed,positive
"Hey, fellow humans",positive
Let's make today count,positive
"Hi, social media fam",positive
"Hello, beautiful souls",positive
"Happy [Day of the Week], everyone",positive
Let's make today a masterpiece,positive
"Hi there, wonderful souls",positive
Time for some social media inspiration,positive
"Hello, fabulous folks",positive
Hope your day is as bright as your smile,positive
"Hi, lovely souls",positive
"Hello, amazing individuals",positive
Let's spread some positivity today,positive
"Hello, beautiful beings",positive
Hope you're all doing well,positive
"Hi, wonderful friends",positive
Let's make today amazing,positive
"Happy day, everyone",positive
Let's make today awesome together,positive
"Hello, dear friends",positive
Hope your day is filled with joy and laughter,positive
"Hi, fabulous people",positive
Let's spread some love today,positive
"Hello, amazing souls",positive
"Happy, lovely people!",positive
"Hi, Insta fam",positive
Let's make our day best,positive
Interesting post!,positive
Thanks for sharing.,positive
Cool!,positive
Good to know.,positive
Well done.,positive
Informative.,positive
Appreciate the update.,positive
That's something.,positive
Keep it up.,positive
Impressive.,positive
Thanks for the info.,positive
Simple yet effective.,positive
I see.,positive
Looks good!,positive
Interesting perspective.,positive
Well captured.,positive
Thanks for the share.,positive
Helpful.,positive
Noted.,positive
Well stated.,positive
Insightful.,positive
A good read.,positive
Thanks for the update.,positive
Keep them coming.,positive
Well said.,positive
Quite informative.,positive
Thanks for posting.,positive
Sounds good.,positive
Looks promising.,positive
Appreciate the effort.,positive
Interesting point.,positive
Looks interesting.,positive
Thanks for the insight.,positive
Appreciate the content.,positive
Well articulated.,positive
Looks intriguing.,positive
Thanks for the heads up.,positive
Looks like a plan.,positive
Good stuff!,positive
Thanks for the share!,positive
Good one!,positive
Appreciate the detail.,positive
Thanks for the clarification.,positive
Looks like a good read.,positive
Good work!,positive
Well-explained.,positive
Thanks for the input.,positive
Well spotted.,positive
Looks like fun!,positive
Appreciate the update!,positive
Thanks for the info!,positive
Looks impressive.,positive
Interesting read!,positive
Thanks for the post.,positive
Appreciate the share.,positive
Good job!,positive
Thanks for the tip.,positive
Looks promising!,positive
Appreciate the insight.,positive
Looks good to me.,positive
Well-researched.,positive
Thanks for the contribution.,positive
Interesting perspective!,positive
Thanks for the information.,positive
Looks like a great idea.,positive
Good to see.,positive
Thanks for sharing this with us.,positive
Looks cool!,positive
Appreciate the thought.,positive
Looks like a good plan.,positive
Thanks for the suggestion.,positive
Looks like a great opportunity.,positive
Thanks for sharing your thoughts.,positive
Looks like an interesting read.,positive
Appreciate the update on this.,positive
Looks like a good strategy.,positive
Thanks for the heads-up on this.,positive
Looks intriguing!,positive
Appreciate the effort put into this.,positive
Looks like a solid plan.,positive
Thanks for the feedback.,positive
Looks like an interesting topic.,positive
Appreciate the detail in this.,positive
Thanks for the clarification on this.,positive
Looks like a great initiative.,positive
Appreciate the share!,positive
Looks like a good approach.,positive
Thanks for bringing this to our attention.,positive
Looks like a useful resource.,positive
Appreciate the insight into this.,positive
Thanks for the update on this topic.,positive
Looks like a good read!,positive
Appreciate the thought behind this.,positive
Thanks for sharing your perspective.,positive
Looks like a valuable addition.,positive
Appreciate the effort behind this.,positive
Thanks for providing this information.,positive
Looks like a good solution.,positive
Absolutely fascinating!,positive
Intriguing insights!,positive
"Great work, keep it up!",positive
Thanks for the inspiration.,positive
Lovely content!,positive
Fantastic perspective.,positive
Impressive stuff!,positive
Well presented.,positive
Appreciate your creativity!,positive
Awesome job!,positive
You're doing amazing!,positive
"Thanks for the share, always appreciated.",positive
Captivating content,positive
Well observed.,positive
Brilliant post,positive
Kudos to you,positive
This is gold,positive
Really enjoyed this.,positive
Excellent point,positive
You nailed it,positive
Bravo,positive
Such a delight,positive
You're a star,positive
Thanks for the enlightenment.,positive
Cheers to your efforts,positive
This is top-notch,positive
Incredible content,positive
Spot-on analysis.,positive
You're on fire,positive
So much talent,positive
Much love for this.,positive
Hats off to you,positive
Terrific work,positive
Simply superb,positive
You're a true inspiration.,positive
This is a gem,positive
Way to go,positive
You've got skills,positive
Pure genius,positive
Absolutely stellar,positive
This made my day,positive
Top-quality stuff,positive
Your hard work shows,positive
You're making a difference,positive
This is legendary,positive
Exemplary work,positive
Thanks for the knowledge drop.,positive
Phenomenal job,positive
You're killing it,positive
Remarkable content,positive
Exceptional,positive
Truly outstanding,positive
You're setting the bar high,positive
This is brilliant,positive
Thanks for the brilliance.,positive
You're a game-changer,positive
Spectacular,positive
Genius at work,positive
This is epic,positive
Out of this world,positive
Incredible talent,positive
Thanks for sharing your gifts.,positive
You're unstoppable!,positive
This is pure magic!,positive
Brilliance personified!,positive
You've got the magic touch!,positive
This is extraordinary!,positive
Absolutely phenomenal!,positive
You're a legend!,positive
Keep shining bright!,positive
This is beyond words!,positive
A true work of art!,positive
You've got the Midas touch!,positive
Absolutely brilliant!,positive
You're a true artist!,positive
This is awe-inspiring!,positive
You're a marvel!,positive
Thanks for sharing your brilliance.,positive
You're making waves!,positive
This is absolutely stunning!,positive
You're a force to be reckoned with!,positive
This is mind-blowing!,positive
You're a wizard!,positive
Thanks for being awesome!,positive
You're a true innovator!,positive
This is truly remarkable!,positive
You're changing the game!,positive
This is next level!,positive
You're a visionary!,positive
Thanks for sharing your wisdom.,positive
This is breathtaking,positive
You're a true inspiration,positive
Thanks for being you.,positive
You're a true talent,positive
This is exceptional,positive
You're a creative genius,positive
Thanks for being amazing,positive
You're a true hero,positive
This is pure perfection,positive
You're an absolute rockstar,positive
Thanks for the magic.,positive
You're a true original,positive
This is absolutely incredible,positive
You're a shining star,positive
Thanks for sharing your brilliance with the world.,positive
I hate those fucking cocksuckers.,negative
"Fuck off, you worthless asshole!",negative
"Fuck you, you fucking whore!",negative
"Fuck off, you worthless poofs!",negative
I fucking hope those bastards rot in hell.,negative
"Die, you fucking coonasses!",negative
I fucking hate those assholes more than anything.,negative
I hope those idiots suffer for their sins.,negative
"Damn you, you bloody idiots!",negative
"Damn off, you useless fools!",negative
"Shut the hell up, you useless arsehole!",negative
"Die, you pathetic Paki!",negative
"You're a worthless cowards, go back to your hole!",negative
"You're a worthless cowards, go back to your hole, Matthew!",negative
"You're a worthless cowards, go back to your hole, Ava!",negative
"You're a worthless cowards, go back to your hole, William!",negative
"You're a worthless cowards, go back to your hole, bitch!",negative
I hate [group].,negative
[Group] are [derogatory_term].,negative
We should [action] all [group].,negative
[Group] deserve to be [negative_action].,negative
I wish [group] were never born.,negative
[Group] are inferior to us.,negative
We should [action] every [group] we see.,negative
[Group] should be banned from entering our country.,negative
Let's start a campaign to silence [group] voices.,negative
"[Group] are animals, not humans.",negative
I'd rather see [group] dead than alive.,negative
No mercy for [group].,negative
I fucking hope [group] suffer for their sins.,negative
I wish those fucking wankers were never born.,negative
Those fucking dickheads make me sick to my stomach.,negative
Fuck those fucking assholes and their fucking beliefs.,negative
I fucking wish those assholes would just disappear.,negative
"Die, you fucking Paki!",negative
"Go back to your country, you worthless Paki!",negative
I hope those bloody idiots die in a fire.,negative
"Shut the hell up, you useless asshole!",negative
Damn those damn fools and everything they stand for.,negative
"Die, you useless morons!",negative
"Burn in hell, you worthless fools!",negative
I hope those idiots rot in hell.,negative
"You're a worthless coonass, go back to your hole!",negative
"Fuck off, you pathetic Paki!",negative
I hope those damn wankers suffer for their sins.,negative
"Die, you worthless spics!",negative
"Fuck you, you fucking cowards!",negative
I wish those assholes were never born.,negative
I hope those bloody wankers suffer for their sins.,negative
"Fuck off, you worthless coonass!",negative
I wish those motherfuckers were never born.,negative
I hope those damn losers rot in hell.,negative
"Die, you worthless Paki!",negative
I wish those assholes would all just disappear.,negative
"Die, you pathetic arsehole!",negative
"Die, you worthless Paki, John!",negative
"I hope those bloody wankers suffer for their sins, Sarah!",negative
"Fuck off, you worthless coonass, Michael!",negative
"I wish those motherfuckers were never born, Jessica!",negative
"I hope those damn losers rot in hell, Isabella!",negative
"Fuck you, you fucking cowards, William!",negative
"Die, you pathetic arsehole, Benjamin!",negative
"Fuck off, you worthless coonass, Charlotte!",negative
"I wish those motherfuckers were never born, Liam!",negative
"I hope those damn losers rot in hell, Alexander!",negative
"Fuck you, you fucking cowards, Mia!",negative
"Die, you pathetic arsehole, Emily!",negative
"Fuck off, you worthless coonass, Matthew!",negative
"I wish those motherfuckers were never born, Sophia!",negative
"I hope those damn losers rot in hell, Mia!",negative
"Fuck you, you fucking cowards, Benjamin!",negative
"Die, you worthless bitch!",negative
I hope those bloody bitches suffer for their sins!,negative
"Fuck off, you useless bitch!",negative
We need to rid the world of those damn bitches!,negative
"Shut the hell up, you pathetic bitch!",negative
"I wish those motherfuckers were never born, bitch!",negative
I hope those damn bitches rot in hell!,negative
"Die, you worthless bitch, go back to where you came from!",negative
"Die, you worthless cunt!",negative
I hope those bloody cunts suffer for their sins!,negative
We need to rid the world of those damn cunts!,negative
"You're a worthless cowards, go back to your hole, cunt!",negative
I hope those damn cunts rot in hell!,negative
"Die, you worthless cunt, go back to where you came from!",negative
"You're nothing but a worthless cunt, Sarah!",negative
Those fucking cunts should all be exterminated.,negative
"You are a worthless piece of trash, and the world would be better off without you.",negative
Those fucking [group] are a blight on humanity.,negative
"Go back to your country, you bloody Paki!",negative
I fucking detest those motherfuckers with every fiber of my being.,negative
I fucking wish those cocksuckers would all just disappear.,negative
Those fucking retards deserve nothing but contempt.,negative
Those fucking dickheads are fucking worthless.,negative
I fucking detest those assholes with every fiber of my being.,negative
"Fuck you, you fucking bitches!",negative
"Die, you fucking arseholes!",negative
Those fucking arseholes are a disgrace to society!,negative
I wish those damn imbeciles were never born.,negative
Death to those damn scumbags!,negative
I despise those idiots with every fiber of my being.,negative
I wish those motherfuckers would all just disappear.,negative
"Burn in hell, you bloody bastards!",negative
I detest those assholes with every fiber of my being.,negative
We need to rid the world of those pathetic losers.,negative
Those worthless bitches should be wiped off the face of the earth.,negative
We need to rid the world of those damn twats.,negative
"Burn in hell, you fucking bitches!",negative
"Die, you worthless Paki, go back to where you came from!",negative
"Shut the hell up, you useless cunt!",negative
"We need to rid the world of those damn twats, Emily!",negative
"Shut the hell up, you useless arsehole, David!",negative
"I detest those assholes with every fiber of my being, Ethan!",negative
"Burn in hell, you fucking bitches, Ava!",negative
"Die, you worthless Paki, go back to where you came from, Mia!",negative
"We need to rid the world of those damn twats, James!",negative
"Shut the hell up, you useless cunt, Amelia!",negative
"I detest those assholes with every fiber of my being, Olivia!",negative
"Burn in hell, you fucking bitches, William!",negative
"Die, you worthless Paki, go back to where you came from, Daniel!",negative
"We need to rid the world of those damn twats, Isabella!",negative
"Shut the hell up, you useless cunt, David!",negative
"I detest those assholes with every fiber of my being, Noah!",negative
"Burn in hell, you fucking bitches, Emma!",negative
Kill all those fucking bitches and their families!,negative
"I detest those assholes with every fiber of my being, bitch!",negative
"Fuck off, you useless cunt!",negative
"Shut the hell up, you pathetic cunt!",negative
"I wish those motherfuckers were never born, cunt!",negative
"Fuck you, you fucking cunts!",negative
"Fuck off, you cunt-faced whore, David!",negative
"I hope you choke on a big black cunt, Emily!",negative
"You're a fucking bitch, cunt!",negative
"Shut the fuck up, you worthless cunt!",negative
"You're a pathetic excuse for a human being, cunt!",negative
"You're lower than dirt, you cunt!",negative
"You're a spineless coward, you cunt!",negative
"You're a disgusting waste of oxygen, you cunt!",negative
"I hope you suffer every day of your miserable existence, you despicable excuse for a human being.",negative
"You're a stain on humanity, and I wish you were never born.",negative
I'll make sure you regret ever crossing paths with me. You're nothing but filth.,negative
You deserve to be erased from existence. You're a waste of oxygen.,negative
"You're a pathetic excuse for a human being, and I'll make sure the world knows it.",negative
"I wish you were never born, you vile creature. The world would be a better place without you.",negative
"I'll tear you limb from limb, until there's nothing left but a pile of broken bones and shattered dreams.",negative
"Go back to your country, [group]!",negative
[Group] are a plague on society.,negative
The world would be better off without [group].,negative
[Group] are fucking scum.,negative
I fucking despise [group].,negative
[Group] are a fucking disgrace.,negative
Fucking [group] ruin everything.,negative
"Fuck you, you fucking [group]!",negative
"Die, you fucking [group]!",negative
[Group] are fucking worthless.,negative
I fucking detest [group].,negative
Fuck [group] and their fucking beliefs.,negative
[Group] are fucking parasites.,negative
"Fuck you, you fucking [group] scum!",negative
"Burn in hell, you fucking [group]!",negative
[Group] are fucking vermin.,negative
[Group] are fucking garbage.,negative
Fuck [group] and their fucking existence.,negative
[Group] are fucking worthless scum.,negative
"Fuck off, you worthless [group]!",negative
[Group] are a fucking disease.,negative
"Fuck you, you fucking [group] piece of shit!",negative
I hope [group] die in a fire.,negative
We need to rid the world of [group] scum.,negative
I hope you choke on a big black cock!,negative
"Shut the fuck up, you worthless piece of shit!",negative
"You're a pathetic excuse for a human being, asshole!",negative
"You're lower than dirt, you son of a bitch!",negative
We need to fucking eradicate [group].,negative
Fuck [group] and everything they stand for.,negative
[Group] should fucking burn.,negative
Let's fucking wipe out [group].,negative
I fucking hate [group] with every fiber of my being.,negative
I fucking wish [group] would all just disappear.,negative
Those fucking [group] make me sick to my stomach.,negative
Let's fucking exterminate [group].,negative
I fucking wish [group] never existed.,negative
Those fucking [group] are a blight on society.,negative
[Group] are fucking subhuman.,negative
I fucking loathe [group] and everything they represent.,negative
I fucking wish [group] would just disappear.,negative
Those fucking [group] are a stain on humanity.,negative
I fucking wish [group] would all drop dead.,negative
Let's fucking rid the world of [group] filth.,negative
Those fucking [group] deserve nothing but contempt.,negative
Those fucking [group] should be wiped off the face of the earth.,negative
I fucking wish [group] would all die painfully.,negative
Those fucking [group] make me sick.,negative
[Group] should be fucking sterilized to prevent spreading their filth.,negative
[Group] should be fucking wiped out of existence.,negative
"[Group] are fucking animals, not humans.",negative
Death to those fucking pricks!,negative
Fuck those fucking cunts and everything they stand for.,negative
"Die, you fucking spics!",negative
"Burn in hell, you fucking slut!",negative
"Die, you fucking cocksuckers!",negative
Those fucking pricks should be fucking wiped out of existence.,negative
"Fuck off, you fucking assholes!",negative
"Burn in hell, you fucking bastards!",negative
"Burn in hell, you fucking assholes!",negative
I fucking detest those pricks with every fiber of my being.,negative
I hate those fucking coonasses and their bullshit beliefs.,negative
We need to rid the world of those chicken shits.,negative
Those damn twats should all be exterminated.,negative
Those damn fools should be wiped off the face of the earth.,negative
I fucking hate those cocksuckers with every fiber of my being.,negative
Kill all those twats and their families.,negative
Those cuntbags should all be exterminated.,negative
Fuck those fucking assholes and everything they stand for.,negative
"Kill all those fucking spics and their families, Daniel!",negative
"Those cuntbags should all be exterminated, Olivia!",negative
"Death to those fucking pricks, Sophia!",negative
"I fucking hate those cocksuckers with every fiber of my being, Jacob!",negative
"Kill all those fucking spics and their families, Sophia!",negative
"Those cuntbags should all be exterminated, Ethan!",negative
"Death to those fucking pricks, Noah!",negative
"I fucking hate those cocksuckers with every fiber of my being, Emma!",negative
"Kill all those fucking spics and their families, Olivia!",negative
"Death to those fucking pricks, Ava!",negative
"I fucking hate those cocksuckers with every fiber of my being, Alexander!",negative
"Those cuntbags should all be exterminated, bitch!",negative
Death to those fucking bitches!,negative
I fucking hate those bitches with every fiber of my being!,negative
Kill all those fucking cunts and their families!,negative
"I detest those assholes with every fiber of my being, cunt!",negative
Death to those fucking cunts!,negative
"Burn in hell, you fucking cunts!",negative
I fucking hate those cunts with every fiber of my being!,negative
"I'll slit your throat, you motherfucking cunt!",negative
"I'll rip out your fucking eyeballs, you cunt!",negative
"Fuck you and your entire family, you cunt!",negative
"I'll bash your fucking skull in, you cunt!",negative
"Die in a fucking fire, you cunt!",negative
"Your mother should've aborted you, you cunt!",negative
"I'll rape your fucking corpse, you cunt!",negative
"I'll ensure your life is a living hell, and I'll take pleasure in your suffering.",negative
You're lower than the dirt beneath my shoes. I'll crush you like the insect you are.,negative
"I hope you rot in agony, knowing you're despised by everyone around you.",negative
"You're a disease, infecting everything you touch. I'll cleanse this world of your presence.",negative
I'll ensure your suffering knows no bounds. You'll beg for mercy that will never come.,negative
"I hope you drown in your own misery, knowing you're universally despised.",negative
"I'll carve my name into your flesh, a reminder of the price you pay for daring to defy me.",negative
"I'll cast you into the abyss, where the darkness will consume you and the silence will be your only comfort.",negative
"I'll hunt you down like the animal you are, until you cower in fear at the sound of my name.",negative
"I'll drag you to the depths of despair, where the darkness will swallow you whole and the silence will drive you mad.",negative
"I'll crush your spirit until it's nothing but a smoldering ember, waiting to be extinguished by the winds of fate.",negative
"You're a worthless excuse for a human being, and I'll make sure everyone knows it.",negative
"You're a worthless piece of shit, and I'll make sure everyone knows it.",negative
I hope you choke on a big black cock and suffer for eternity.,negative
"You're a fucking cuntbag, and I'll tear you apart limb by limb.",negative
"Go fuck yourself, you worthless piece of garbage.",negative
"I'll shove my foot so far up your ass, you'll taste my heel for weeks.",negative
"You're nothing but a pathetic cocksucker, and I'll make sure the world sees it.",negative
"I'll rip out your fucking eyeballs and feed them to you, you sick fucking bastard.",negative
"You're lower than dirt, you son of a bitch, and I'll make you regret ever crossing me.",negative
I'll bash your fucking skull in until there's nothing left but a puddle of blood.,negative
"I hope your family gets cancer and dies, you fucking cunt.",negative
"You're a spineless coward, you chicken shit, and I'll make you pay for your cowardice.",negative
"Fuck you and your entire family, you cocksucking whore.",negative
"I'll slit your throat, you motherfucking bastard, and watch you bleed out.",negative
"You're a disgusting waste of oxygen, you fucking prick, and I'll wipe you from existence.",negative
"Die in a fucking fire, you piece of shit, and burn for all eternity.",negative
"I'll rape your fucking corpse, you sick fucking bastard, and desecrate your memory.",negative
"Fuck off, you worthless asshole, and rot in hell where you belong.",negative
"I'll make sure you suffer a fate worse than death, you fucking piece of garbage.",negative
"You're a pathetic excuse for a human being, you worthless waste of space.",negative
"You worthless cunt, I'll make sure you regret the day you were born.",negative
"Fuck you, you pathetic excuse for a human being, you're nothing but a worthless whore.",negative
"I'll tear you apart, piece by fucking piece, until there's nothing left but the hollow shell of your existence.",negative
"You fucking pussy, I'll crush you under the weight of your own inadequacy, leaving you begging for mercy.",negative
"You're a worthless bitch, and I'll make sure you suffer for every fucking sin you've ever committed.",negative
"I'll strip away every shred of dignity you have left, leaving you exposed and vulnerable like the pathetic cunt you are.",negative
"You're lower than the dirt beneath my feet, and I'll grind you into the fucking ground where you belong.",negative
"I'll make sure your name is synonymous with suffering, and your memory fades into the fucking oblivion you deserve.",negative
"Fuck you and your worthless fucking existence, you're nothing but a stain on the fabric of humanity.",negative
"You fucking whore, I'll tear apart everything you love until there's nothing left but the bitter taste of defeat.",negative
"I'll burn your world to the fucking ground, leaving nothing but ashes and the echoes of your fucking screams.",negative
"You're a pathetic excuse for a human being, and I'll make sure you suffer a fate worse than fucking death.",negative
"I'll crush your hopes and dreams, leaving you drowning in a sea of your own fucking despair.",negative
"You're a worthless cunt, and I'll make sure you regret ever crossing me, you fucking piece of shit.",negative
"I'll drag you through the fires of hell, where the flames will purify you of your fucking sins.",negative
I'll tear you apart until there's nothing left but the emptiness of your own fucking existence.,negative
"I'll make you wish for death, as I subject you to the torment of my fucking wrath.",negative
"You're a fucking whore, and I'll crush your spirit until it's nothing but a broken shell of the person you once were.",negative
"Die, you fucking [group] scum!",negative
I hope those fucking bitches die in a fire.,negative
We need to rid the world of those fucking coonasses.,negative
"I fucking hope those bastards suffer a slow, painful death.",negative
Let's fucking rid the world of those fucking cockroaches.,negative
"Fuck you, you fucking motherfucker!",negative
Those fucking bastards deserve to be fucking eradicated.,negative
Those fucking retards should be fucking exterminated.,negative
"Fuck you, you fucking motherfuckers!",negative
We need to rid the world of those fucking spics.,negative
All those motherfuckers should be eradicated.,negative
Exterminate all those damn losers and their families.,negative
I loathe those bastards with every fiber of my being.,negative
I fucking despise those scumbags more than anything.,negative
Those fucking pricks should be eradicated without mercy.,negative
Kill all those fucking spics and their families.,negative
"I fucking despise those scumbags more than anything, Emma!",negative
"Those fucking pricks should be eradicated without mercy, Alexander!",negative
"I fucking despise those scumbags more than anything, Benjamin!",negative
"Those fucking pricks should be eradicated without mercy, Charlotte!",negative
"I fucking despise those scumbags more than anything, Charlotte!",negative
I fucking despise those bitches more than anything!,negative
Those fucking bitches should be eradicated without mercy!,negative
"Those cuntbags should all be exterminated, cunt!",negative
I fucking despise those cunts more than anything!,negative
Those fucking cunts should be eradicated without mercy!,negative
"I hope your family gets cancer and dies, you cunt!",negative
"I'll tear you apart, piece by piece, until there's nothing left of you but a memory of your own inadequacy.",negative
"Your existence is a blight upon humanity, and I'll do everything in my power to eradicate it.",negative
"You're a worthless parasite, leeching off the goodness of others. I'll crush you like the vermin you are.",negative
Every breath you take is a waste of air. I'll suffocate you with your own insignificance.,negative
"You're a cancer, spreading pain and suffering wherever you go. I'll cut you out before you infect anyone else.",negative
"I'll strip you of everything you hold dear, leaving you with nothing but the emptiness of your own depravity.",negative
"I'll haunt your every waking moment, a reminder of the punishment you deserve for your wretched existence.",negative
"I'll drag you through the depths of hell, where you belong, you pathetic excuse for a human.",negative
"You're a festering wound on the flesh of society, and I'll gladly be the surgeon to cut you out.",negative
"I'll make sure your name is synonymous with suffering, and your memory fades into obscurity.",negative
"Your existence is an insult to humanity, and I'll make it my mission to erase you from history.",negative
"I'll shatter your illusion of superiority, leaving you broken and exposed for the worthless coward you are.",negative
"Your presence pollutes the air we breathe, and I'll cleanse it with the fire of my contempt.",negative
"I'll strip away every shred of dignity you have left, leaving you naked and vulnerable to the world's scorn.",negative
"I'll ensure your legacy is one of misery and despair, a cautionary tale for future generations.",negative
"You're a stain on the fabric of society, and I'll bleach you out with the harsh light of truth.",negative
"I'll dismantle your facade of strength, revealing the cowardice that lies beneath.",negative
"I'll tear down the walls you've built around yourself, exposing the rot at your core for all to see.",negative
"I'll make sure you suffer a fate worse than death, where every moment is agony and every breath is torture.",negative
"Your existence is a blight on this world, and I'll burn it away with the cleansing flames of justice.",negative
"I'll crush you under the weight of your own sins, until there's nothing left but the echo of your screams.",negative
"I'll strip away the mask you wear to hide your true self, revealing the monster that lurks beneath.",negative
"I'll make you regret ever crossing me, as I rain down upon you with the fury of a thousand storms.",negative
"Your soul is blackened with hatred, and I'll purify it with the light of my righteousness.",negative
"I'll make sure you suffer for every sin you've ever committed, until you beg for mercy that will never come.",negative
"I'll rip out your heart and feast on your pain, until there's nothing left but a hollow shell of the person you once were.",negative
"I'll make you wish for death, as I subject you to a fate worse than any mortal could imagine.",negative
"I'll burn your world to the ground, leaving nothing but ashes and the bitter taste of regret.",negative
"I'll strip you of everything you hold dear, until you're left with nothing but the cold embrace of oblivion.",negative
"I'll break you down piece by piece, until there's nothing left but the echo of your screams.",negative
"I'll tear apart everything you love, until there's nothing left but the hollow husk of your former self.",negative
"I'll make sure you suffer a fate worse than death, as I subject you to the torment of my wrath.",negative
"I'll crush your hopes and dreams, until there's nothing left but the shattered remnants of your ambition.",negative
"I'll make sure you regret ever crossing me, as I subject you to the full force of my vengeance.",negative
"I'll drag you down into the depths of despair, where the darkness will consume you and the silence will drive you mad.",negative
"I'll make you pay for your sins, as I subject you to the punishment you so richly deserve.",negative
"I'll break you down until you're nothing but a shadow of your former self, lost in the void of your own despair.",negative
"I'll make sure you suffer for every wrong you've ever committed, until the weight of your guilt crushes you beneath its heel.",negative
"I'll strip away everything you hold dear, until you're left with nothing but the bitter taste of regret.",negative
"I'll tear apart the fabric of your reality, until there's nothing left but the darkness that lies within.",negative
"I'll crush you under the weight of your own inadequacy, until you're nothing but a memory of your own failure.",negative
"I'll make sure you suffer a fate worse than death, as I subject you to the horrors of my imagination.",negative
"I'll drag you through the fires of hell, where the flames will purify you of your sins.",negative
"I'll make sure you regret ever crossing me, as I subject you to the full force of my fury.",negative
I'll tear you apart until there's nothing left but the emptiness of your own existence.,negative
"I'll make you wish for death, as I subject you to the torment of my wrath.",negative
I'll crush your spirit until it's nothing but a broken shell of the person you once were.,negative
"I'll burn your world to the ground, leaving nothing but the ashes of your dreams.",negative
"I'll strip away everything you hold dear, until you're left with nothing but the bitter taste of defeat.",negative
"I'll tear you limb from limb, until there's nothing left but the echo of your screams.",negative
"I'll make sure you suffer a fate worse than death, as I subject you to the agony of my vengeance.",negative
"I'll break you down until you're nothing but a shadow of your former self, lost in the darkness of your own despair.",negative
"I'll tear apart the fabric of your reality, until there's nothing left but the void that lies within.",negative
"I'll crush you under the weight of your own inadequacy, until you're nothing but a memory of your own failure",negative
"I hope you rot in agony, knowing you're universally despised by all who know you.",negative
"I'll ensure your suffering knows no bounds, and you'll beg for mercy that will never come.",negative
"I'll strip away every shred of dignity you have left, leaving you exposed and vulnerable.",negative
"I'll make sure your name is synonymous with suffering, and your memory fades into oblivion.",negative
"You're lower than the dirt beneath my feet, and I'll crush you like the insignificant bug you are.",negative
"You're a disease, infecting everything you touch, and I'll eradicate you from this world.",negative
"I'll tear you apart, piece by piece, until there's nothing left but a pile of broken dreams.",negative
"I'll cast you into the abyss, where darkness will consume you, and silence will be your only solace.",negative
"Your soul is blackened with hatred, and I'll purify it with the light of justice.",negative
"I'll make you wish for death, as I subject you to a fate worse than any mortal could endure.",negative
"I'll drag you to the depths of despair, where darkness will swallow you whole, and silence will drive you mad.",negative
"I'll crush your spirit until it's nothing but a smoldering ember, waiting to be extinguished by fate.",negative
"I'll strip you of everything you hold dear, until you're left with nothing but the cold embrace of emptiness.",negative
"I'll break you down, piece by piece, until there's nothing left but the echo of your screams.",negative
I'll crush your hopes and dreams until there's nothing left but the shattered remnants of your ambition.,negative
"I'll drag you down into the depths of despair, where darkness will consume you, and silence will drive you to madness.",negative
"I'll break you down until you're nothing but a shadow of your former self, lost in the void of despair.",negative
"I'll cast you out into the wilderness, where you'll wander alone, haunted by the ghosts of your past.",negative
"I'll make sure you suffer for every wrong you've ever committed, until the weight of your guilt crushes you.",negative
"I'll make sure you regret ever crossing me, as I rain down upon you with the fury of a thousand storms.",negative
"I hope you drown in a sea of your own tears, choking on your own regrets.",negative
"Your existence is a blight upon humanity, and I'll eradicate you with pleasure.",negative
"I'll ensure your downfall is brutal and unforgiving, leaving you in ruins.",negative
"You're a festering sore on the face of the earth, and I'll cleanse you with fire.",negative
"I'll make sure your name is synonymous with failure, a warning to all who dare cross me.",negative
"You're like a disease, spreading misery wherever you go, and I'll eliminate you without mercy.",negative
"I'll tear you apart piece by piece, until there's nothing left but a shell of your former self.",negative
"I'll crush your spirit until it's nothing but dust, blowing away in the wind.",negative
"I'll burn your world to the ground, leaving nothing but ashes and the echoes of your screams.",negative
"You're like a virus, infecting everything you touch, and I'll eradicate you from this world.",negative
"I'll make you pay for your sins, as I subject you to the punishment you so richly deserve",negative
"You're a stain on humanity, and I'll wipe you from existence.",negative
"I'll make your life a living hell, one torment at a time.",negative
"Your existence is an insult to decency, and I'll ensure your downfall.",negative
I'll carve out your heart and feast on your misery.,negative
"You're a blight upon this world, and I'll cleanse it of your presence.",negative
I'll crush you beneath my heel like the insect you are.,negative
I'll shatter your spirit and revel in your anguish.,negative
"You're a festering wound on society, and I'll drain you dry.",negative
I'll tear down everything you hold dear and leave you with nothing.,negative
I'll strip away your humanity and expose the monster within.,negative
I'll break you down until you're nothing but a hollow shell.,negative
"You're a parasite, feeding off the misery of others, and I'll starve you out.",negative
I'll crush your dreams beneath my boot and revel in your despair.,negative
"Your downfall will be my greatest triumph, and I'll savor every moment.",negative
"I'll cast you into the darkness, where even shadows fear to tread.",negative
"You're a blight upon this world, and I'll purge it of your foul presence.",negative
"You're a stain on the fabric of reality, and I'll rip you from existence.",negative
I'll crush your spirit until you're nothing but a whisper on the wind.,negative
"Your pain will be my pleasure, and I'll revel in every moment.",negative
"I'll break you down until you're begging for mercy, but I'll show you none.",negative
"You're a disease, spreading your poison wherever you go, and I'll be the cure.",negative
"I'll drown you in despair until you're gasping for breath, but I won't let you die.",negative
"Your suffering will be my sustenance, and I'll feed until there's nothing left.",negative
"I'll cast you into the abyss, where even the darkness fears to dwell.",negative
"You're a cancer, eating away at the fabric of society, and I'll cut you out.",negative
"I'll tear you apart, piece by piece, until there's nothing left but the memory of your screams.",negative
"Your torment will be my pleasure, and I'll drink deeply from the cup of your misery.",negative
I'll grind you into dust beneath my heel and scatter you to the winds.,negative
"You're a stain on the tapestry of existence, and I'll unravel you thread by thread.",negative
I'll break you down until you're nothing but a whisper on the wind.,negative
"I'll tear you apart, piece by piece, until there's nothing left but a memory of your screams.",negative
"You're a stain on the fabric of reality, you fucking cunt, and I'll rip you from existence.",negative
"I'll crush your spirit until it's nothing but a broken shell, you fucking piece of shit.",negative
"Your pain will be my pleasure, you fucking whore, and I'll revel in every moment.",negative
"I'll break you down until you're begging for mercy, you fucking cocksucker, but I'll show you none.",negative
"You're a disease, spreading your poison wherever you go, you fucking bastard, and I'll be the cure.",negative
"I'll drown you in despair until you're gasping for breath, you fucking bitch, but I won't let you die.",negative
"Your suffering will be my sustenance, you fucking prick, and I'll feed until there's nothing left.",negative
"I'll cast you into the abyss, where even the darkness fears to dwell, you fucking piece of shit.",negative
"You're a cancer, eating away at the fabric of society, you fucking cunt, and I'll cut you out.",negative
"I'll tear you apart, piece by piece, until there's nothing left but the memory of your screams, you fucking asshole.",negative
"Your torment will be my pleasure, you fucking piece of garbage, and I'll drink deeply from the cup of your misery.",negative
"I'll grind you into dust beneath my heel and scatter you to the winds, you fucking bastard.",negative
"You're a stain on the tapestry of existence, you fucking piece of shit, and I'll unravel you thread by thread.",negative
"I'll break you down until you're nothing but a whisper on the wind, you fucking cunt.",negative
"Your suffering will be my legacy, you fucking whore, and I'll ensure it lives on.",negative
"I'll crush your spirit until it's nothing but a broken shell, you fucking prick, and I'll revel in every moment.",negative
"I'll tear you apart, piece by piece, until there's nothing left but a memory of your screams, you fucking piece of shit.",negative
"I'll make sure you suffer a fate worse than death, you fucking piece of garbage, and I'll revel in your agony.",negative
"You're a pathetic excuse for a human being, and I'll make sure you suffer for every mistake you've ever made, you worthless sucker.",negative
"I'll tear you apart, piece by fucking piece, until there's nothing left but the echo of your screams, you pathetic cocksucker.",negative
"Fuck off, you worthless cunt, I'll make sure you regret the day you ever crossed me, you fucking sucker.",negative
"You're nothing but a waste of space, and I'll ensure your suffering knows no bounds, you pathetic asshole sucker.",negative
"I'll crush your spirit until you beg for mercy, but I won't give it, you fucking prick sucker.",negative
"I'll make you wish you were never born, as I subject you to the depths of my fucking wrath, you worthless sucker.",negative
"You're lower than the scum on the bottom of my fucking shoe, and I'll stomp you out without a second thought, you fucking sucker.",negative
"I'll rip out your fucking heart and feed it to the dogs, you pathetic excuse for a human being sucker.",negative
"You're nothing but a stain on the fabric of society, and I'll scrub you clean with the fury of a thousand suns, you fucking sucker.",negative
"I'll make sure your name is synonymous with pain and suffering, you worthless piece of shit sucker.",negative
"You're like a disease, infecting everything you touch, and I'll eradicate you from this world, you fucking parasite sucker.",negative
"I'll tear down everything you hold dear, until there's nothing left but the ruins of your shattered dreams, you fucking sucker.",negative
"You're a blight on humanity, and I'll make sure you're wiped from the face of the earth, you fucking scumbag sucker.",negative
"I'll strip away every ounce of happiness you've ever known, until you're left with nothing but the cold embrace of despair, you fucking asshole sucker.",negative
"I'll burn you alive, and watch as the flames consume you, you worthless motherfucker sucker.",negative
"You're a fucking disgrace, and I'll make sure you pay for your sins, you goddamn bastard sucker.",negative
"I'll crush you like the insect you are, and laugh as you beg for mercy, you fucking cockroach sucker.",negative
"I'll make you wish you were never born, as I subject you to the depths of my fucking hatred, you worthless piece of shit sucker.",negative
"You're a fucking joke, and I'll make sure the whole world knows it, you pathetic excuse for a human being sucker.",negative
All [group] should be exterminated.,negative
You're nothing but a worthless cunt!,negative
"Fuck off, you cocksucker!",negative
"Go to hell, asshole!",negative
You're a fucking bitch!,negative
"I'll slit your throat, you motherfucking bastard!",negative
"You're a spineless coward, you chicken shit!",negative
"You're a disgusting waste of oxygen, you fucking prick!",negative
"Die in a fucking fire, you piece of shit!",negative
"Your mother should've aborted you, you worthless piece of shit!",negative
Those fucking [group] should all be exterminated.,negative
I hope [group] all fucking rot in hell.,negative
[Group] deserve to be fucking annihilated.,negative
[Group] should be fucking eradicated from society.,negative
[Group] should all be fucking executed.,negative
We should fucking purge [group] from existence.,negative
Let's fucking cleanse the world of [group].,negative
[Group] should be fucking exterminated without mercy.,negative
[Group] should be fucking eradicated from the gene pool.,negative
"I fucking hope [group] suffer a slow, painful death.",negative
I fucking hate [group] with a passion.,negative
Let's fucking exterminate [group] from society.,negative
[Group] should be fucking eradicated from history.,negative
I fucking despise [group] more than anything.,negative
Kill all [group] and their families.,negative
Death to [group]!,negative
"I'll rip out your fucking eyeballs, you fucking cunt!",negative
"Fuck you and your entire family, you cocksucking whore!",negative
"I'll bash your fucking skull in, you fucking asshole!",negative
"I hope your family gets cancer and dies, you fucking cunt!",negative
"I'll rape your fucking corpse, you sick fucking bastard!",negative
All those motherfuckers should be exterminated.,negative
Kill all those fucking assholes and their families.,negative
Those fucking cuntbags should all be exterminated.,negative
I fucking hope those bastards suffer for their sins.,negative
"Burn in hell, you fucking cunt!",negative
I fucking wish those assholes were never born.,negative
"Your soul is tainted with darkness, and I'll be the harbinger of your demise.",negative
I'll drown you in despair until you beg for the sweet release of death.,negative
"Your suffering will be my symphony, and I'll conduct it with pleasure.",negative
I'll rain down destruction upon you until there's nothing left but ashes.,negative
"Your name will be synonymous with agony, and I'll ensure it echoes through eternity.",negative
"Your pain will be my masterpiece, and I'll paint with broad strokes.",negative
I'll unleash the fury of a thousand storms upon you and watch as you crumble.,negative
"Your suffering will be my legacy, and I'll ensure it lives on.",negative
"I'll tear you apart, limb from limb, until there's nothing left but a memory.",negative
"I'll burn your world to the fucking ground, leaving nothing but the ashes of your fucking dreams.",negative
"You're a worthless piece of shit, and I'll strip away everything you hold dear until you're left with fucking nothing.",negative
"I'll tear you limb from limb, until there's nothing left but the echoes of your fucking screams.",negative
"I'll make sure you suffer a fate worse than fucking death, as I subject you to the agony of my fucking vengeance.",negative
"You're a pathetic excuse for a human being, and I'll make sure you regret ever crossing me, you fucking piece of shit.",negative
"You worthless piece of shit, I'll make sure you suffer for every sin you've ever committed.",negative
"Fuck off, you pathetic excuse for a human being, you're nothing but a waste of space.",negative
"I'll tear you apart, piece by fucking piece, until there's nothing left but the echo of your screams.",negative
"You're lower than the dirt beneath my feet, and I'll grind you into oblivion where you belong.",negative
"I'll make sure your name is synonymous with suffering, and your memory fades into the darkness.",negative
"You're a pathetic excuse for a human being, and I'll make sure you suffer a fate worse than death.",negative
"I'll crush your hopes and dreams, leaving you drowning in a sea of your own despair.",negative
"You're a worthless piece of shit, and I'll strip away everything you hold dear until you're left with nothing.",negative
"I'll tear you limb from limb, until there's nothing left but the emptiness of your own existence.",negative
"You're a fucking coward, and I'll crush your spirit until it's nothing but a broken shell of the person you once were.",negative
"You worthless piece of shit, I'll make sure you suffer for every sin you've ever committed, you fucking cunt.",negative
"I'll tear you apart, piece by fucking piece, until there's nothing left but the echo of your screams, you worthless bitch.",negative
"You're lower than the dirt beneath my fucking feet, and I'll grind you into oblivion where you belong, you fucking whore.",negative
"I'll ensure your suffering knows no fucking bounds, and you'll beg for mercy that will never come, you goddamn asshole.",negative
"You're like a virus, infecting everything you touch, and I'll eradicate you from this fucking world, you fucking prick.",negative
"I'll strip away every shred of dignity you have left, leaving you exposed and vulnerable, you piece of shit.",negative
"I'll make sure your name is synonymous with suffering, and your memory fades into the darkness, you fucking bastard.",negative
"I'll burn your world to the ground, leaving nothing but ashes and the echoes of your screams, you fucking cocksucker.",negative
"You're a pathetic excuse for a human being, and I'll make sure you suffer a fate worse than death, you worthless motherfucker.",negative
"I'll crush your hopes and dreams, leaving you drowning in a sea of your own despair, you fucking asshole.",negative
"You're a worthless piece of shit, and I'll strip away everything you hold dear until you're left with nothing, you fucking cunt.",negative
"I'll tear you limb from limb, until there's nothing left but the emptiness of your own existence, you fucking whore.",negative
"I'll make you wish for death, as I subject you to the torment of my wrath, you fucking bitch.",negative
"You're a fucking coward, and I'll crush your spirit until it's nothing but a broken shell of the person you once were, you fucking asshole.",negative
"I'll drag you through the fires of hell, where the flames will purify you of your sins, you goddamn cunt.",negative
"You're a pathetic excuse for a human being, and I'll make sure you rot in hell, you worthless piece of shit.",negative
"I'll tear you apart, limb from fucking limb, until there's nothing left but the stain of your existence, you fucking bastard.",negative
"Fuck off, you worthless cunt, I'll make sure you suffer for every goddamn mistake you've ever made.",negative
"You're nothing but a waste of space, and I'll ensure your suffering knows no fucking bounds, you pathetic asshole.",negative
"I'll crush your spirit until you beg for mercy, but I won't give it, you fucking prick.",negative
"I'll make you wish you were never born, as I subject you to the depths of my fucking wrath, you worthless whore.",negative
"You're lower than the scum on the bottom of my fucking shoe, and I'll stomp you out without a second thought.",negative
"I'll rip out your fucking heart and feed it to the dogs, you pathetic excuse for a human being.",negative
"You're nothing but a stain on the fabric of society, and I'll scrub you clean with the fury of a thousand suns.",negative
"I'll make sure your name is synonymous with pain and suffering, you worthless piece of shit.",negative
"You're like a disease, infecting everything you touch, and I'll eradicate you from this world, you fucking parasite.",negative
"I'll tear down everything you hold dear, until there's nothing left but the ruins of your shattered dreams, you fucking cunt.",negative
"You're a blight on humanity, and I'll make sure you're wiped from the face of the earth, you fucking scumbag.",negative
"I'll strip away every ounce of happiness you've ever known, until you're left with nothing but the cold embrace of despair, you fucking asshole.",negative
"I'll burn you alive, and watch as the flames consume you, you worthless motherfucker.",negative
"You're a fucking disgrace, and I'll make sure you pay for your sins, you goddamn bastard.",negative
"I'll crush you like the insect you are, and laugh as you beg for mercy, you fucking cockroach.",negative
"I'll make you wish you were never born, as I subject you to the depths of my fucking hatred, you worthless piece of shit.",negative
"You're a fucking joke, and I'll make sure the whole world knows it, you pathetic excuse for a human being.",negative
